Country;Region/State;Dealer;Street;ZIP Code;City;Phone;E-Mail;Web;;;;;;;;;;;;;;;;;;;;;;;;;;;
Frankreich;HAUTE SAVOIE;Snell Sports;Rue Paccard;74400;CHAMONIX;04.50.53.02.17;snell@cham3s.com;;;;;;;;;;;;;;;;;;;;;;;;;;;;
Frankreich;HAUTE SAVOIE;Coquoz Sports;Rue Paccard;74400;CHAMONIX;04.50.53.15.12;coquoz@cham3s.com;;;;;;;;;;;;;;;;;;;;;;;;;;;;
Frankreich;HAUTE SAVOIE;Sports Alpins;Place Edmond Désailloud;74400;CHAMONIX;04.50.53.13.60;sportsalpins@cham3s.com;;;;;;;;;;;;;;;;;;;;;;;;;;;;
Frankreich;HAUTE SAVOIE;Amoudruz;Rue Chantemerle;74100;VILLE LA GRAND;04.50.87.24.73;bamoudruz@wanadoo.fr;;;;;;;;;;;;;;;;;;;;;;;;;;;;
Frankreich;SAVOIE;Noge sports;Zac de super U;73700;BOURG St MAURICE;04.79.04.04.30;;www.intersport-bourg.com;;;;;;;;;;;;;;;;;;;;;;;;;;;
Frankreich;RHONE;Caribou;Grand rue de la Croix rousse;69004;LYON;04.78.29.50.90;;www.caribou-intersport.com;;;;;;;;;;;;;;;;;;;;;;;;;;;
Frankreich;HAUTES ALPES;Alpi'mat;Avenue Maurice Petsche;05100;BRIANCON;04 92 20 59 55;alpimat@wanadoo.fr;;;;;;;;;;;;;;;;;;;;;;;;;;;;
Frankreich;DROME;Gravicimes;Rue des Alpes;26000;VALENCE;04.75.42.40.94;;;;;;;;;;;;;;;;;;;;;;;;;;;;;
Frankreich;HERAULT;Le Yéti;Rue Louis Bréguet;34830;JACOU;04 67 59 74 95;;;;;;;;;;;;;;;;;;;;;;;;;;;;;
Frankreich;HAUTES ALPES;Million Montagne;Place Jean Marcellin;5000;GAP;04.92.51.91.78;info@vertige-montagne.com;;;;;;;;;;;;;;;;;;;;;;;;;;;;
Frankreich;ISERE;GOZZI SPORTS 2000;cours Becquart Castelbon;38500;VOIRON;04.76.05.83.02;montagne@gozzi-sport2000.com;;;;;;;;;;;;;;;;;;;;;;;;;;;;
Frankreich;SAVOIE;MONTANIA;rue Métropole ;73000;CHAMBERY;04 79 69 67 82;info@montania-sport.com;;;;;;;;;;;;;;;;;;;;;;;;;;;;
Frankreich;PYRENEES ATLANTIQUES;EUROSKI;Plate Forme Valentin;64440;GOURETTE;05.59.05.12.61;;;;;;;;;;;;;;;;;;;;;;;;;;;;;
Frankreich;HAUTE SAVOIE;FRANCOIS BAUD SKIS;Route du Téléphérique du Pleney;74110;MORZINE;04.50.79.09.66.;;;;;;;;;;;;;;;;;;;;;;;;;;;;;
Frankreich;SAVOIE;BORASO SPORTS;Place des Dolomites;73150;VAL D' ISERE;04.79.06.01.37;;;;;;;;;;;;;;;;;;;;;;;;;;;;;
Frankreich;SAVOIE;PITTE SPORTS;Immeuble Les Andes;73150;VAL D' ISERE;04.79.06.00.09;;;;;;;;;;;;;;;;;;;;;;;;;;;;;
Frankreich;ALPES DE HAUTE PROVENCE;SARL SIBERT SPORT;Au Petit Allossard;04260;ALLOS;04.92.83.14.62;;;;;;;;;;;;;;;;;;;;;;;;;;;;;
Frankreich;HAUTE SAVOIE;MONTJOLY SPORTS;ROUTE NOTRE DAME DE LA GORGE;74170;LES CONTAMINES MONTJOIE;04.50.47.07.76;;;;;;;;;;;;;;;;;;;;;;;;;;;;;
Frankreich;ISERE;SARENNE SPORTS;Immeuble le Karen;38750;ALPE D'HUEZ;04.76.80.44.76;sarennesports@aol.com;;;;;;;;;;;;;;;;;;;;;;;;;;;;
Frankreich;RHONE;SARL ALTITUDE SPORTS 2000;place des 3 Renards;69130;ECULLY;04.78.34.59.55;altitude.sports@wanadoo.fr;www.altitude-sports.fr;;;;;;;;;;;;;;;;;;;;;;;;;;;
Frankreich;HAUTE SAVOIE;Intersport France P/C MARCLAZ SARL;Z.A.C. de Marclaz;74200;THONON LES BAINS;04.50.17.02.02;;;;;;;;;;;;;;;;;;;;;;;;;;;;;
Frankreich;HAUTE SAVOIE;CHRISTAZ SKI SHOP;rue du Mont Blanc;74170;ST GERVAIS;04.50.47.75.97;;;;;;;;;;;;;;;;;;;;;;;;;;;;;
Frankreich;HAUTE GARONNE;COMMINGES LOISIRS ;rue de la poste;31800;ST GAUDENS;05.62.00.92.60;;;;;;;;;;;;;;;;;;;;;;;;;;;;;
Frankreich;ALPES DE HAUTE PROVENCE;GRANPHI SPORTS;avenue des 3 frères Arnaud;04400;BARCELONNETTE;04.92.81.23.69;granphi@infonie.fr;;;;;;;;;;;;;;;;;;;;;;;;;;;;
Frankreich;SAVOIE;SPORT AIX TREM;avenue Franklin Roosevelt;73100;AIX-les-BAINS;04.79.88.38.82;contact@sportaixtrem.com;;;;;;;;;;;;;;;;;;;;;;;;;;;;
Frankreich;HAUTE SAVOIE;JANIN SPORTS;rue de la Poste;74120;MEGEVE;04.50.21.10.56;;;;;;;;;;;;;;;;;;;;;;;;;;;;;
Frankreich;HAUTE SAVOIE;JPPM SPORT 2000;Le Pré Biollat;74200;ANTHY SUR LEMAN;04.50.70.60.05;;;;;;;;;;;;;;;;;;;;;;;;;;;;;
Frankreich;SAVOIE;VALTHO SPORT;Hôtel le Val Thorens;73440;VAL THORENS;04.79.00.01.58;;;;;;;;;;;;;;;;;;;;;;;;;;;;;
Frankreich;HAUTE SAVOIE;CYPRIEN SPORT;route de l' Essert;74310;LES HOUCHES;04.50.54.41.02;info@cypriensports.com;www.cypriensports.com;;;;;;;;;;;;;;;;;;;;;;;;;;;
Frankreich;SAVOIE;RELIEF;Place du Village;73500;VILLARODIN BOURGET;04.79.20.33.94;skiset-la-norma@wanadoo.fr;www.relief-skiset.com;;;;;;;;;;;;;;;;;;;;;;;;;;;
Frankreich;HAUTE SAVOIE;VERTICAL MOUNTAIN SPORTS;Les Feuillantines;74220;LA CLUSAZ;06.82.85.86.55;ph-goy@orange.fr;;;;;;;;;;;;;;;;;;;;;;;;;;;;
Frankreich;HAUTE SAVOIE;Intersport France p/c TABER SPORT;C.C. du Bourg;74110;MORZINE;04.50.79.14.24;info@intersport-morzine.com;;;;;;;;;;;;;;;;;;;;;;;;;;;;
Frankreich;HAUTES ALPES;Intersport France p/c SPORT EVASION;Zone Commerciale de Baratier;05200;EMBRUN;04.92.43.29.00;ebrum@free.fr;;;;;;;;;;;;;;;;;;;;;;;;;;;;
Frankreich;SAVOIE;LA GODILLE ALPES SPORTS SERVICES;S.A. Sport Service BP 7;73440;LES MENUIRES;04.79.00.63.85;;;;;;;;;;;;;;;;;;;;;;;;;;;;;
Frankreich;HAUTE SAVOIE;LANCHES SPORTS;Zone Artisanale de Marclaz;74200;THONON LES BAINS ;04.50.70.30.75;;;;;;;;;;;;;;;;;;;;;;;;;;;;;
Frankreich;ISERE;ALTIPLANO;ZAE des Geymonds;38250;VILLARD DE LANS;06.88.33.76.29;yoannengeldinger@yahoo.fr;;;;;;;;;;;;;;;;;;;;;;;;;;;;
Frankreich;HAUTE SAVOIE;SARL GALLAY L'ESCALADE;Aravis Challenge;74220;LA CLUSAZ;04.50.02.41.93;freddy.quenet@wanadoo.fr;;;;;;;;;;;;;;;;;;;;;;;;;;;;
Frankreich;HAUTES PYRENEES;SPORT EVASION;route de Pierrefitte;65110;CAUTERETS;05.62.92.05.85;contacts@sportsevasions.com;www.sportsevasions.com;;;;;;;;;;;;;;;;;;;;;;;;;;;
Frankreich;DOUBS;Intersport France p/c MIJOUX SPORT;rue Edgar Faure;25300;PONTARLIER;03.81.39.47.03;intersport.pontarlier0687@wanadoo.fr;;;;;;;;;;;;;;;;;;;;;;;;;;;;
Frankreich;HAUTES ALPES;TWINNER;SAS Sports Aventures Loisirs;05100;BRIANCON;04.92.25.65.65;twinner.briancon@wanadoo.fr;;;;;;;;;;;;;;;;;;;;;;;;;;;;
Frankreich;HAUTE SAVOIE;MARIN SPORTS;Les Cristaux Basseville;74920;COMBLOUX;04.50.58.61.82;;;;;;;;;;;;;;;;;;;;;;;;;;;;;
Frankreich;ISERE;MONTAGNE AVENTURES;Cours Jean Jaurès;38000;GRENOBLE;04.76.46.98.48;montagneaventures@wanadoo.fr;;;;;;;;;;;;;;;;;;;;;;;;;;;;
Frankreich;HAUTE SAVOIE;ASP DISTRIBUTION SPORT;route du Village;74400;ARGENTIERE;04.50.54.03.96;rob23@wanadoo.fr;www.namastesport.com;;;;;;;;;;;;;;;;;;;;;;;;;;;
Frankreich;SAVOIE;JEAN BLANC SPORTS;Rue Park City;73122;COURCHEVEL 1850;04.79.08.26.41;;;;;;;;;;;;;;;;;;;;;;;;;;;;;
Frankreich;HAUTE SAVOIE;LANCHES SPORTS ;rue des Chasseurs;74100;VILLE LA GRAND;04.50.87.17.99;;;;;;;;;;;;;;;;;;;;;;;;;;;;;
Frankreich;ISERE;LA BOITE A SKIS;rue Marceau Leyssieux;38400;ST MARTIN D'HERES;04.76.51.02.59;contact@laboiteaskis.fr;;;;;;;;;;;;;;;;;;;;;;;;;;;;
Frankreich;HAUTE SAVOIE;OGIER SPORTS CHAMONIX EURL;Les Périades;74230;THONES;04.50.63.16.12;ogier.sports@wanadoo.fr;;;;;;;;;;;;;;;;;;;;;;;;;;;;
Frankreich;HAUTES PYRENEES;LA CLINIQUE DU SKI - ANETO;Route de la Mongie;65710;BEAUDEAN;05.62.91.71.15;;;;;;;;;;;;;;;;;;;;;;;;;;;;;
Frankreich;HAUTES ALPES;LOUTOUSPORT;Route du Queyras;05600;GUILLESTRE;04.92.45.24.21;loutousport@libertysurf.fr;;;;;;;;;;;;;;;;;;;;;;;;;;;;
Frankreich;HAUTES ALPES;ELIXIR;Board Shop;05220;MONNETIER-LES-BAINS;04.92.24.49.70;Elixirboardshop@aol.fr;;;;;;;;;;;;;;;;;;;;;;;;;;;;
Frankreich;HAUTES ALPES;OBJECTIF MEIJE;Route Nationale 91;05320;LA GRAVE ;04.76.79.97.40;objectifmeije@wanadoo.fr;;;;;;;;;;;;;;;;;;;;;;;;;;;;
Frankreich;SAVOIE;ALP 'SPORT 2000;Le Plateau de Morel;73550;MERIBEL;04.79.08.52.86;;;;;;;;;;;;;;;;;;;;;;;;;;;;;
Frankreich;JURA;Intersport France p/c JEAN PROST; rue Pasteur;39220;LES ROUSSES;03.84.60.00.27;jean-prost-sport@wanadoo.fr;;;;;;;;;;;;;;;;;;;;;;;;;;;;
Frankreich;SAVOIE;SKI 3000 SPT 2000;Le Bec Rouge;73320;TIGNES;04.79.06.34.04;;;;;;;;;;;;;;;;;;;;;;;;;;;;;
Frankreich;SAVOIE;S.A.R.L. H.B.P;Le Fornet;73153;VAL D' ISERE CEDEX;04.79.41.17.44;;;;;;;;;;;;;;;;;;;;;;;;;;;;;
Frankreich;SAVOIE;SAINTE FOY SPORTS;Sainte Foy Station;73640;ST FOY TARENTAISE;04.79.06.99.95;info@saintefoy-sports.com;;;;;;;;;;;;;;;;;;;;;;;;;;;;
Frankreich;HAUTE SAVOIE;SPORTS EXPERIENCES;allée de Montréal;74100;VILLE LA GRAND;04.50.79.60.84;;;;;;;;;;;;;;;;;;;;;;;;;;;;;
Frankreich;HAUTES ALPES;L'ORCHIDEE SARL;Immeuble Chaud;05290;PUY ST VINCENT;04.92.23.40.22;chaudsport@wanadoo.fr;;;;;;;;;;;;;;;;;;;;;;;;;;;;
Frankreich;HAUTE SAVOIE;Intersport France p/c SPORTS ALPINS;place Edmond Désailloud;74400;CHAMONIX;04.50.53.13.60;sportsalpins@cham3s.com;;;;;;;;;;;;;;;;;;;;;;;;;;;;
Frankreich;HAUTES ALPES;PATRICK SPORTS;Route Nationale;05320;LA GRAVE;04.76.79.92.21;;;;;;;;;;;;;;;;;;;;;;;;;;;;;
Frankreich;HAUTE SAVOIE;SKI CLINIC SERVICE ;Z.I. des Grands Pré;74300;CLUSES;04.50.98.00.36;skiclinic@wanadoo.fr;;;;;;;;;;;;;;;;;;;;;;;;;;;;
Frankreich;RHONE;Intersport France p/c CARIBOU SPORT;Grande Rue de la Croix-Rousse;69004;LYON;04.78.29.50.90;caribou-sports@wanadoo.fr;;;;;;;;;;;;;;;;;;;;;;;;;;;;
Frankreich;HAUT RHIN;SPECK SPORTS;77 bis, rue des Vosges;68620;BITSCHWILLER;03.89.37.09.07;info@speck-sports.com;www.speck-sports.com;;;;;;;;;;;;;;;;;;;;;;;;;;;
Frankreich;SAVOIE;BERNARD ORCEL SPORTS;THE EDGE;73120;COURCHEVEL 1850;04.79.08.23.47;;;;;;;;;;;;;;;;;;;;;;;;;;;;;
Frankreich;HAUTE SAVOIE;SARL 2JPE SPORTS;Grands Montets Sports;74400;ARGENTIERE;04.50.54.20.30;;;;;;;;;;;;;;;;;;;;;;;;;;;;;
Frankreich;SAVOIE;Intersport France p/c SPORT SHOP;Immeuble le Grand Paradis;73155;VAL D' ISERE;04.79.06.00.72;mattis@valgliss.com;www.valgliss.com;;;;;;;;;;;;;;;;;;;;;;;;;;;
Frankreich;ISERE;SK'ALP;Rue des Sources;38920;CROLLES;04.76.08.11.54;skalp@wanadoo.fr;;;;;;;;;;;;;;;;;;;;;;;;;;;;
Frankreich;SAVOIE;MOTTARET SPORTS;Galerie Commerciale;73550;MERIBEL MOTTARET;04.79.00.40.66;;;;;;;;;;;;;;;;;;;;;;;;;;;;;
Frankreich;SAVOIE;JUGLARET SPORTS;Les Jardins du Rochefort;73700;BOURG St MAURICE;04.79.07.05.25;twinner.bourgstmaurice@wanadoo.fr;;;;;;;;;;;;;;;;;;;;;;;;;;;;
Frankreich;BOUCHES DU RHONE;LA MONTAGNE;rue d' Italie;13006;MARSEILLE;04.91.42.18.36;;;;;;;;;;;;;;;;;;;;;;;;;;;;;
Frankreich;SAVOIE;FREERIDE FR;ZA Les Vignes les Blanches;73600;SALINS LES THERMES;04.79.00.52.21;jane@freeride.fr;;;;;;;;;;;;;;;;;;;;;;;;;;;;
Frankreich;SAVOIE;SAS SPORT BOUTIQUE DEVELOPPEMENT;Méribel Sports;73552;MERIBEL-les-ALLUES;04.79.08.63.00;bfront@sport-boutique.com;www.sport-boutique.com;;;;;;;;;;;;;;;;;;;;;;;;;;;
Frankreich;SAVOIE;KILLY SPORTS ;Le Thovex;73150;VAL D' ISERE;04.79.06.05.53;;;;;;;;;;;;;;;;;;;;;;;;;;;;;
Frankreich;ALPES DE HAUTE PROVENCE;LA MONTAGNE SPORT;25 Avenue A. Signoret;04400;BARCELONNETTE;04.92.81.02.15;;;;;;;;;;;;;;;;;;;;;;;;;;;;;
Frankreich;SAVOIE;MONTAZ SPORTS;ZI Pré Renaud;73490;LA RAVOIRE;04.79.72.59.69;info@montaz.com;;;;;;;;;;;;;;;;;;;;;;;;;;;;
Frankreich;SAVOIE;MAURIENNE SPORT 2000;Avenue du 8 mai 1945;73300;ST JEAN DE MAURIENNE;04.79.83.07.25;maurienne-sport@wanadoo.fr;;;;;;;;;;;;;;;;;;;;;;;;;;;;
Frankreich;HAUTE SAVOIE;SAS ALPINE CENTER;7 place Edmond Desailloud;74400;CHAMONIX;04.50.54.27.27;;;;;;;;;;;;;;;;;;;;;;;;;;;;;
Frankreich;SAVOIE;SARL SKI ET MONTAGNE;Avenue de Chasseforêt;73710;PRALOGNAN-la-VANOISE;04.79.08.71.19;rollandn@club-internet.fr;;;;;;;;;;;;;;;;;;;;;;;;;;;;
Frankreich;SAVOIE;Intersport France p/c NOGE SPT;Zone Commerciale U;73700;BOURG ST MAURICE;04.79.04.04.30;;;;;;;;;;;;;;;;;;;;;;;;;;;;;
Frankreich;HAUTES ALPES;BRECHU SPORTS;Centre Commercial Pré Long;05240;LA SALLES LES ALPES;04.92.24.76.31;;;;;;;;;;;;;;;;;;;;;;;;;;;;;
Frankreich;PYRENEES ATLANTIQUES;ZEBRASKA;ZI de Jalday;64501;ST JEAN DE LUZ CEDEX;05.59.51.57.57;contact@andaska.com;www.andaska.com;;;;;;;;;;;;;;;;;;;;;;;;;;;
Frankreich;HAUTE SAVOIE;SANGLARD SPORT;place du Mont-Blanc;74400;CHAMONIX;04.50.53.24.70;;;;;;;;;;;;;;;;;;;;;;;;;;;;;
Frankreich;ISERE;BARTHELEMY SPORTS;rue Haxo;38000;GRENOBLE;04.76.44.07.54;oeht@hotmail.fr;;;;;;;;;;;;;;;;;;;;;;;;;;;;
Frankreich;ISERE;ESPACE MONTAGNE / SPORTSTOCK;rue de Champ Roman;38400;ST MARTIN D'HERES;04.76.42.59.65(compta;m.catherine.compta@espacemontagne.com;;;;;;;;;;;;;;;;;;;;;;;;;;;;
Frankreich;SAVOIE;JEAN SPORT;Route de l' Iseran;73150;VAL D' ISERE;04.79.06.04.44;;;;;;;;;;;;;;;;;;;;;;;;;;;;;
Frankreich;SAVOIE;LE CAMP DE BASE;SARL TECHNIC;73120;COURCHEVEL 1850;04.79.08.09.91;;;;;;;;;;;;;;;;;;;;;;;;;;;;;
Frankreich;HAUTE SAVOIE;STAMOS SPORT SAS;C.C. Le Grand Roc;74400;ARGENTIERE;04.50.54.03.42;stamos.sports@wanadoo.fr;;;;;;;;;;;;;;;;;;;;;;;;;;;;
Frankreich;GIRONDE;SPORT AVENTURE;rue de Cursol;33000;BORDEAUX;05.56.92.92.99;contact@sports-aventure.fr;www.sport-aventure.fr;;;;;;;;;;;;;;;;;;;;;;;;;;;
Frankreich;SAVOIE;FAVRE SPORTS LOGISTIQUE;Rte de Trêves;73700;SEEZ;04.79.40.07.43;;www.favresports.com;;;;;;;;;;;;;;;;;;;;;;;;;;;
Frankreich;HAUTE SAVOIE;HAUTE-SAVOIE SPORT;Route d' Annecy;74230;THONES;04.50.32.10.02;versant.nord@wanadoo.fr;;;;;;;;;;;;;;;;;;;;;;;;;;;;
Frankreich;ALPES MARITIMES;ALTICOOP;Rue Caroline;06100;NICE;04.93.98.58.53;bienvenue@alticoop.com;;;;;;;;;;;;;;;;;;;;;;;;;;;;
Frankreich;HAUTE SAVOIE;PRO SKI MONTAGNE SPORT 2000;avenue Michel Croz;74400;CHAMONIX;04.50.53.58.92;;;;;;;;;;;;;;;;;;;;;;;;;;;;;
Frankreich;HAUTE SAVOIE;SPORTECH;rue Charlet Stratton;74400;ARGENTIERE;04.50.54.00.56;;;;;;;;;;;;;;;;;;;;;;;;;;;;;
Frankreich;HAUTE SAVOIE;ESPACE MONTAGNE;rue du Centre;74330;LE GRAND EPAGNY;04.50.22.99.55;gilles.vincent@sport2000-chambery.com;;;;;;;;;;;;;;;;;;;;;;;;;;;;
Frankreich;SAVOIE;ALP' SPORTS;Immeuble Les Cîmes;73150;VAL D' ISERE;04.79.06.02.91;;;;;;;;;;;;;;;;;;;;;;;;;;;;;
Frankreich;HAUTES ALPES;SARL RIQUET SPORTS;route de Briançon;05240;LA SALLE LES ALPES;04.92.24.88.90;;;;;;;;;;;;;;;;;;;;;;;;;;;;;
Frankreich;ISERE;ESPACE MONTAGNE;ZAC de Champ Roman;38400;ST MARTIN D'HERES;04.38.37.40.40;contact@espacemontagne.com;;;;;;;;;;;;;;;;;;;;;;;;;;;;
Frankreich;ISERE;S.A.S EXPE-SPELEMAT;Z.A. d' Auberives;38680;PONT-en-ROYANS;04.76.36.02.67;expe-sav@expe.fr ;www.expe.fr;;;;;;;;;;;;;;;;;;;;;;;;;;;
Frankreich;SAVOIE;S.A.S. FRASTEYA;Avenue de chambéry;73230;ST ALBAN LEYSSE;04.79.33.51.06;montagne@sport2000-chambery.com;www.sport2000-chambery.com;;;;;;;;;;;;;;;;;;;;;;;;;;;
Frankreich;ARIEGE;TELEMARK PYRENEES;rue de la gare;09110;AX-les-THERMES;05.61.64.34.93;neil@telemark-pyrenees.com;www.telemark-pyrenees.com;;;;;;;;;;;;;;;;;;;;;;;;;;;
Frankreich;PARIS;AU VIEUX CAMPEUR PARIS;rue des Ecoles;75005;PARIS;01.69.81.47.47;info@au-vieux-campeur.fr;www.au-vieux-campeur.fr;;;;;;;;;;;;;;;;;;;;;;;;;;;
Frankreich;HAUTE GARONNE;AU VIEUX CAMPEUR TOULOUSE;ZAC Grande Borde - 23, rue de Sienne;31670;LABEGE;05.62.88.27.27;toulouse@auvieuxcampeur.fr;www.au-vieux-campeur.fr;;;;;;;;;;;;;;;;;;;;;;;;;;;
Frankreich;RHONE;AU VIEUX CAMPEUR LYON;Rue Mortier;69003;LYON;04.78.60.21.07;lyon@auvieuxcampeur.fr;www.au-vieux-campeur.fr;;;;;;;;;;;;;;;;;;;;;;;;;;;
Frankreich;HAUTE SAVOIE;AU VIEUX CAMPEUR SALLANCHES;Route du Fayet;74700;SALLANCHES;04.50.91.26.62;sallanches@auvieuxcampeur.fr;www.au-vieux-campeur.fr;;;;;;;;;;;;;;;;;;;;;;;;;;;
Frankreich;HAUTE SAVOIE;AU VIEUX CAMPEUR THONON;Avenue de Genève;74200;THONON LES BAINS;04.50.70.45.78;thonon@auvieuxcampeur.fr;www.au-vieux-campeur.fr;;;;;;;;;;;;;;;;;;;;;;;;;;;
Frankreich;HAUTE SAVOIE;AU VIEUX CAMPEUR ALBERTVILLE;ZI du Chiriac - 10, rue Ambroise Croizat;73200;ALBERTVILLE;04.79.39.93.93;albertville@auvieuxcampeur.fr;www.au-vieux-campeur.fr;;;;;;;;;;;;;;;;;;;;;;;;;;;
Frankreich;BOUCHES DU RHONE;AU VIEUX CAMPEUR MARSEILLE;Avenue de Prado;13008;MARSEILLE;04 91 16 30 30;marseille@auvieuxcampeur.fr;www.au-vieux-campeur.fr;;;;;;;;;;;;;;;;;;;;;;;;;;;
Frankreich;BAS RHIN;AU VIEUX CAMPEUR STRASBOURG;Rue du 22 Novembre;67000;STRASBOURG;03 90 23 58 58;strasbourg@auvieuxcampeur.fr;www.au-vieux-campeur.fr;;;;;;;;;;;;;;;;;;;;;;;;;;;
;;;;;;;;;;;;;;;;;;;;;;;;;;;;;;;;;;;
;;;;;;;;;;;;;;;;;;;;;;;;;;;;;;;;;;;
;;;;;;;;;;;;;;;;;;;;;;;;;;;;;;;;;;;
